,name,lat,lon,id,operator,public_transport,railway,source,alt_name,network,station,subway,wheelchair,wikidata,wikipedia,addr:city,addr:housenumber,addr:street,light_rail,train,addr:country,addr:province,phone,website,railway:ref,addr:postcode,iata,internet_access,internet_access:fee,name:en,ref:amtrak,ref:via_rail,network:wikidata,name:es,name:fr,short_name,start_date,network:en,network:fr,operator:short,operator:wikidata,toilets:wheelchair,note,name:ko,elevator,platforms,defibrillator:location,check_date:wheelchair,air_conditioning,level,construction,opening_date
0,Fort Edmonton,45.5226413,-73.5357907,427850112,La Ronde,station,station,http://www.laronde.com/larondefr/ride_detail.asp?ride=24,,,,,,,,,,,,,,,,,,,,,,,,,,,,,,,,,,,,,,,,,,,,
1,Village,45.5265367,-73.5366578,427850113,La Ronde,station,station,,,,,,,,,,,,,,,,,,,,,,,,,,,,,,,,,,,,,,,,,,,,,
2,Outremont,45.5201103,-73.6148897,1765620875,Société de transport de Montréal,station,station,,Metro Outremont,Métro,subway,yes,no,Q1633093,en:Outremont station,,,,,,,,,,,,,,,,,,,,,,,,,,,,,,,,,,,,,
3,Kirkland,45.4403141,-73.885608,2437600094,,station,station,NRCan-CanVec-10.0,,REM,light_rail,,,,,Kirkland,3000,Rue Jean-Yves,yes,,,,,,,,,,,,,,,,,,,,,,,,,,,,,,,,,
4,Sainte-Thérèse,45.6359843,-73.8341213,5270468348,Exo,station,station,,,exo,,,limited,Q3095558,fr:Gare Sainte-Thérèse,,,,,yes,,,,,,,,,,,,,,,,,,,,,,,,,,,,,,,,
5,Lucien L'Allier,45.4950136,-73.5709494,5360360498,Société de transport de Montréal,station,station,,,,subway,yes,no,,,Montréal,955,Rue Lucien-L'Allier,,,CA,QC,+1 514 786 4636,http://www.stm.info/,,,,,,,,,,,,,,,,,,,,,,,,,,,,
6,Saint-Bruno,45.5119931,-73.3744884,6288554158,Exo,station,station,,,exo,,,,Q3095540,fr:Gare Saint-Bruno,,,,,yes,,,,,STBR,,,,,,,,,,,,,,,,,,,,,,,,,,,
7,Longueuil–Saint-Hubert,45.5080094,-73.4351724,6288821003,exo,station,station,,,exo,,,,Q3095544,fr:Gare Longueuil–Saint-Hubert,,,,,yes,,,,,STHB,,,,,,,,,,,,,,,,,,,,,,,,,,,
8,Gare de Saint-Lambert,45.4990295,-73.5074207,6291407276,VIA Rail Canada,station,station,,,VIA Rail;exo;Amtrak,,,,Q3095548,fr:Gare Saint-Lambert,,329,Avenue Saint-Denis,,yes,,QC,,,SLAM,J4P 2G5,XLM,yes,no,Saint-Lambert Station,SLQ,SLAM,,,,,,,,,,,,,,,,,,,,
9,Canora,45.5139038,-73.6343987,6295440196,rem,station,station,,,REM,light_rail,yes,,Q3095500,fr:Gare Canora (exo),Mont-Royal,7300,Chemin Canora,yes,,,,,,CANR,,,,,,,,Q19582331,,,,,,,,,,,,,,,,,,,
10,Mont-Royal,45.5165342,-73.6435536,6295440197,REM,station,station,,,REM,light_rail,yes,,Q3095522,fr:Gare Mont-Royal,Ville de Mont-Royal,1275,Chemin Dunkirk,yes,,,QC,,,MTRY,H3R 1G8,,,,,,,Q19582331,,,,,,,,,,,,,,,,,,,
11,Gare centrale de Montréal,45.500285,-73.5671623,6298031649,Via Rail Canada / Exo / Amtrak,station,station,,,VIA Rail;exo;Amtrak,,,,Q1148666,fr:Gare centrale de Montréal,,,,,yes,,QC,,,MTRL,,YMY,,,Montreal Central Station,MTR,MTRL,,Estación Central de Montreal,Gare centrale de Montréal,,,,,,,,,,,,,,,,,
12,Pointe-aux-Trembles,45.6747302,-73.5062328,6299096087,Exo,station,station,,,exo,,,,Q7208312,fr:Gare Pointe-aux-Trembles (exo),,,,,yes,,,,,PATX,,,,,,,,,,,,,,,,,,,,,,,,,,,
13,Rivière-des-Prairies,45.6612348,-73.5382343,6299172626,Exo,station,station,,,exo,,,,Q7338908,fr:Gare Rivière-des-Prairies,,,,,yes,,,,,RDPR,,,,,,,,,,,,,,,,,,,,,,,,,,,
14,Anjou,45.6182795,-73.5961726,6301960461,exo,station,station,,,VIA Rail;exo,,,,Q4765858,fr:Gare Anjou,,,,,yes,,,,,ANJO,,,,,,,,,,,,,,,,,,,,,,,,,,,
15,Saint-Léonard–Montréal-Nord,45.5997788,-73.6162114,6302011942,Exo,station,station,,,exo,,,,Q7400704,fr:Gare Saint-Léonard–Montréal-Nord,,,,,yes,,,,,STLE,,,,,,,,,,,,,,,,,,,,,,,,,,,
16,Saint-Michel–Montréal-Nord,45.5828075,-73.6304459,6302024635,Exo,station,station,,,exo,,,,Q6906523,fr:Gare Saint-Michel–Montréal-Nord,,,,,yes,,,,,STMI,,,,,,,,,,,,,,,,,,,,,,,,,,,
17,Sauvé,45.5493788,-73.6543477,6302080332,Exo,station,station,,,exo,,,,Q7427640,fr:Gare Sauvé,,,,,yes,,,,,SAUV,,,,,,,,Q392496,,,,,,,,,,,,,,,,,,,
18,Ahuntsic,45.5353705,-73.6624703,6304230837,Exo,station,station,,,exo,,,,Q4696411,fr:Gare Ahuntsic,,,,,yes,,,,,ASIC,,,,,,,,Q392496,,,,,,,,,,,,,,,,,,,
19,Blainville,45.6721757,-73.8658307,6304561697,Exo,station,station,,,exo,,,,Q3095494,fr:Gare Blainville,,38,Boulevard de la Seigneurie Est,,yes,,,,,,J7C 3V5,,,,,,,,,,,,,,,,,,,,,,,,,,
20,Vimont,45.6038004,-73.742706,6306984094,Exo,station,station,,,exo,,,,Q3095565,fr:Gare Vimont,,,,,yes,,,,,,,,,,,,,,,,,,,,,,,,,,,,,,,,
21,De la Concorde,45.5601489,-73.7098243,6306999552,exo,station,station,,,exo,,,,Q3098129,fr:Gare de la Concorde,,,,,yes,,,,,,,,,,,,,,,,,,,,,,,,,,,,,,,,
22,Bois-de-Boulogne,45.5400698,-73.675846,6307035484,Exo,station,station,,,exo,,,,Q3095496,fr:Gare Bois-de-Boulogne,,,,,yes,,,,,,,,,,,,,Q392496,,,,,,,,,,,,,,,,,,,
23,Chabanel,45.536867,-73.6572466,6308850751,exo,station,station,,,exo,,,,Q3095506,fr:Gare Chabanel,,,,,yes,,,,,,,,,,,,,,,,,,,,,,,,,,,,,,,,
24,Parc,45.5316387,-73.6246656,6308861906,Exo,station,station,,,exo,,,,Q3095529,fr:Gare Parc,,,,,yes,,,,,,,,,,,,,,,,,,,,,,,,,,,,,,,,
25,Montréal-Ouest,45.4536012,-73.6418794,6309253862,Exo,station,station,,,exo,,,,Q3095527,fr:Gare Montréal-Ouest,,,,,yes,,,,,,,,,,Montreal West,,,,,Montréal-Ouest,,,,,,,,,,,,,,,,,
26,Vendôme,45.4735495,-73.6034976,6311378470,Exo,station,station,,,exo,,,,Q3095564,fr:Gare Vendôme,,,,,yes,,,,,,,,,,,,,Q392496,,,,,,,,,,,,,,,,,,,
27,Candiac,45.3606104,-73.5148067,6311678259,Exo,station,station,,,exo,,,,Q3095499,fr:Gare Candiac,Candiac,201,Rue de la Sorbonne,,yes,,,,,,,,,,,,,,,,,,,,,,,,,,,,,,,,
28,Delson,45.3668087,-73.5408168,6311699204,Exo,station,station,,,exo,,,,Q3095508,fr:Gare Delson,Delson,1,Chemin de la Gare,,yes,,Québec,,,,J5B 2A2,,,,,,,,,,,,,,,,,,,,,,,,,,
29,Saint-Constant,45.3738557,-73.5699762,6311705900,Exo,station,station,,,exo,,,,Q3095542,fr:Gare Saint-Constant,Saint-Constant,122 A,Rue Saint-Pierre,,yes,,Québec,,,,,,,,,,,,,,,,,,,,,,,,,,,,,,
30,Sainte-Catherine,45.3820379,-73.6000359,6311729538,Exo,station,station,,,exo,,,,Q3095555,fr:Gare Sainte-Catherine,Sainte-Catherine,333,Rue Sainte-Catherine,,yes,,Québec,,,,J5A 1V7,,,,,,,,,,,,,,,,,,,,,,,,,,
31,LaSalle,45.4257049,-73.6567922,6313009353,Exo,station,station,,,exo,,,,Q2381571,fr:Gare LaSalle,Montréal,9,Avenue Highlands,,yes,,QC,,,,,,,,,,,,,,,,,,,,,,,,,,,,,,
32,Du Canal,45.4376261,-73.6559462,6313026085,Exo,station,station,,,exo,,,,Q19582008,fr:Gare Du Canal,,,,,yes,,,,,,,,,,,,,,,,,,,,,,,,,,,,,,,,
33,Sainte-Anne-de-Bellevue,45.4077564,-73.9508005,6318314098,Exo,station,station,,,exo,,,,Q3095553,fr:Gare Sainte-Anne-de-Bellevue,Sainte-Anne-de-Bellevue,105,Boulevard des Anciens-Combattants,,yes,,Québec,,,,H9X,,,,,,,,,,,,,,,,,,,,,,,,,,
34,Beaconsfield,45.4348034,-73.8481314,6320575044,Exo,station,station,,,exo,,,,Q3095490,fr:Gare Beaconsfield,,,,,yes,,,,,,,,,,,,,,,,,,,,,,,,,,,,,,,,
35,Cedar Park,45.4424015,-73.8199137,6320579836,Exo,station,station,,,Exo,,,,Q3095501,fr:Gare Cedar Park,,,,,yes,,,,,,,,,,,,,,,,,,,,,,,,,,,,,,,,
36,Pointe-Claire,45.4473646,-73.8030381,6327375543,Exo,station,station,,,exo,,,,Q961134,fr:Gare Pointe-Claire,,,,,yes,,,,,,,,,,,,,,,,,,,,,,,,,,,,,,,,
37,Valois,45.4497165,-73.7910242,6327395265,Exo,station,station,,,Exo,,,,Q3095562,fr:Gare Valois,Pointe-Claire,114,Avenue Donegani,,yes,,Québec,,,,H9R 2V4,,no,no,,,,,,,,,,,,,,,,,,,,,,,
38,Pine Beach,45.4496012,-73.7641579,6327405188,Exo,station,station,,,exo,,,,Q3095531,fr:Gare Pine Beach,,,,,yes,,,,,,,,,,,,,,,,,,,,,,,,,,,,,,,,
39,Dorval,45.4491959,-73.7435177,6327480700,Exo,station,station,,,exo,,,,Q587075,fr:Gare Dorval (exo),,,,,yes,,,,,,,,,,,,,,,,,,,,,,,,,,,,,,,,
40,Lachine,45.4486681,-73.7111856,6327540983,Exo,station,station,,,exo,,,,Q3095519,fr:Gare Lachine,,,,,yes,,,,,,,,,,,,,,,,,,,,,,,,,,,,,,,,
41,Dorval,45.4489349,-73.7414204,6332915202,VIA Rail Canada,station,station,,,VIA Rail,,,,Q737327,fr:Gare de Dorval (Via Rail),,,,,yes,,,,,DORV,,XAX,,,,,,,,,,,,,,,,,,,,,,,,,
42,Longueuil–Université-de-Sherbrooke,45.5249263,-73.5219251,6600830243,Société de transport de Montréal,station,station,,Longueuil,,subway,yes,no,Q1869604,en:Longueuil station,Longueuil,100,Place Charles-Le Moyne,,yes,,QC,,,,J4K 2T4,,,,,,,,,,Longueuil-UdeS,,,,,,,,,,,,,,,,
43,Côte-des-Neiges,45.4966507,-73.623489,6600830244,Société de transport de Montréal,station,station,,,,subway,yes,,Q1150926,en:Côte-des-Neiges station,,,,,,,,,,,,,,,,,,,,,,,,,,,,,,,,,,,,,
44,Berri-UQAM,45.5151125,-73.5610756,6600856333,Société de transport de Montréal,station,station,,,,subway,yes,limited,Q827090,en:Berri-UQAM station,,,,,,,,,,,,,,,,,,,,,,,,,,,,,,,,,,,,,
45,Jean-Drapeau,45.5124469,-73.5331259,6600874117,Société de transport de Montréal,station,station,,Île-Sainte-Hélène,STM,subway,yes,yes,Q1675164,en:Jean-Drapeau station,,,,,,,,,,,,,,,,,,,,,,,,,,,,,,,,,,,,,
46,Villa-Maria,45.4797551,-73.6197555,6607411941,Société de transport de Montréal,station,station,,,,subway,yes,,Q1480912,en:Villa-Maria station,,,,,,,,,,,,,,,,,,,,,,1981-09-07,,,,,,,,,,,,,,,
47,Snowdon,45.4856705,-73.6283531,6607411942,Société de transport de Montréal,station,station,,,,subway,yes,,Q179391,en:Snowdon station,Montréal,,Chemin Queen Mary,,,CA,QC,,,,,,,,,,,,,,,1981-09-07,,,,,,,,,,,,,,,
48,Viau,45.5611109,-73.5473091,6615202527,Société de transport de Montréal,station,station,,,,subway,yes,yes,Q1892890,en:Viau station,,,,,yes,,,,,,,,,,,,,,,,,,,,,,,,,,,,,,,,
49,Monk,45.4510439,-73.5932019,6615202528,Société de transport de Montréal,station,station,,,,subway,yes,no,Q1550415,en:Monk station,Montréal,6678,Rue Allard,,yes,,QC,,,,H4E 2L6,,,,,,,,,,,,,,,,,,,,,,,,,,
50,De l'Église,45.4627596,-73.5670231,6615202529,Société de transport de Montréal,station,station,,,,subway,yes,,Q1180127,en:De L'Église station,,,,,,,,,,,,,,,,,,,,,,,,,,,,,,,,,,,,,
51,Charlevoix,45.4782496,-73.5693705,6615202530,Société de transport de Montréal,station,station,,,,subway,yes,,Q1066736,en:Charlevoix station,,,,,yes,,,,,,,,,,,,,,,,,,,,,,,,,,,,,,,,
52,Préfontaine,45.5417253,-73.5542369,6615202531,Société de transport de Montréal,station,station,,,,subway,yes,yes,Q1827087,en:Préfontaine station,,3100,Rue Hochelaga,,yes,,,,,,,,,,,,,,,,,,,,,,,,,,,,,,,,
53,McGill,45.5041095,-73.5715471,6831524451,Société de transport de Montréal,station,station,,,,subway,yes,no,Q1285503,en:McGill station,,,,,,,,,,,,,,,,,,,,,,,,,,,,,,,,,,,,,
54,Cadillac,45.5768358,-73.5466995,7041520765,Société de transport de Montréal,station,station,,,,subway,yes,no,Q743385,en:Cadillac station,,,,,,,,,,,,,,,,,,,,,,,,,,,,,,,,,,,,,
55,Honoré-Beaugrand,45.596414,-73.5354362,7041520766,Société de transport de Montréal,station,station,,,,subway,yes,,Q1627267,en:Honoré-Beaugrand station,,,,,,,,,,,,,,,,,,,,,,,,,,,,,,,,,,,,,
56,Saint-Michel,45.5597489,-73.5999622,7052471485,Société de transport de Montréal,station,station,,,,subway,yes,,Q176603,en:Saint-Michel station (Montreal Metro),Montréal,,Boulevard Saint-Michel,,,,,,,,,,,,,,,,,,,,,,,,,,,,,,,,,,
57,D’Iberville,45.5525993,-73.6026995,7052471486,Société de transport de Montréal,station,station,,,,subway,yes,,Q1272978,en:D'Iberville station,,,,,,,,,,,,,,,,,,,,,,,,,,,,,,,,,,,,,
58,Fabre,45.5467522,-73.6078016,7052471487,Société de transport de Montréal,station,station,,,,subway,yes,no,Q1390685,en:Fabre station,,,,,,,,,,,,,,,,,,,,,,,,,,,,,,,,,,,,,
59,Jean-Talon,45.5391835,-73.6134236,7052471488,Société de transport de Montréal,station,station,,,,subway,yes,yes,Q1386163,en:Jean-Talon station (Montreal Metro),,,,,,,,,,,,,,,,,,,,,,1966-10-14,,,,,,,,,,,,,,,
60,De Castelnau,45.5352621,-73.6201056,7052471489,Société de transport de Montréal,station,station,,,,subway,yes,no,Q971995,en:De Castelnau station,,,,,,,,,,,,,,,,,,,,,,,,,,,,,,,,,,,,,
61,Parc,45.530416,-73.6245212,7052471490,Société de transport de Montréal,station,station,,,,subway,yes,,Q3095529,en:Parc station (Montreal),,,,,,,,,,,,,,,,,,,,,,,,,,,,,,,,,,,,,
62,Acadie,45.523225,-73.6237511,7052471491,Société de transport de Montréal,station,station,,,Métro,subway,yes,,Q337414,en:Acadie station,,,,,,,,,,,,,,,,,,,,,,,,,,,,,,,,,,,,,
63,Édouard-Montpetit,45.5101323,-73.6125273,7052471492,Société de transport de Montréal,station,station,,,Métro de Montréal,subway,yes,yes,Q273870,en:Édouard-Montpetit station,,,,,,,,,,,,,,,,,,Q392377,,,,,Montreal Metro,Métro de Montréal,STM,Q1817151,,,,,,,,,,,
64,Université-de-Montréal,45.503439,-73.617581,7052471493,Société de transport de Montréal,station,station,,,,subway,yes,,Q256462,en:Université-de-Montréal station,,,,,,,,,,,,,,,,,,,,,,,,,,,,,,,,,,,,,
65,Côte-Vertu,45.5142942,-73.6832845,7052605729,Société de transport de Montréal,station,station,,,,subway,yes,yes,Q543270,en:Côte-Vertu station,Montréal,1515,Boulevard de la Côte-Vertu,,,,QC,,,,,,,,,,,,,,,,,,,,,,,,,,,,,,
66,Du Collège,45.5084616,-73.6728291,7052605730,Société de transport de Montréal,station,station,,,,subway,yes,limited,Q1262350,en:Du Collège station,,,,,yes,,,,,,,,,,,,,,,,,1984-01-09,,,,,,,,,,,,,,,
67,De La Savane,45.5003752,-73.6617585,7052605731,Société de transport de Montréal,station,station,,,,subway,yes,no,Q652128,en:De La Savane station,,,,,,,,,,,,,,,,,,,,,,1984-01-09,,,,,,,,,,,,,,,
68,Namur,45.4949329,-73.6529072,7052605732,Société de transport de Montréal,station,station,,,,subway,yes,no,Q1892936,en:Namur station (Montreal Metro),,,,,,,,,,,,,,,,,,,,,,1984-01-09,,,,,,,,,,,,,,,
69,Plamondon,45.4943703,-73.6379309,7052605733,Société de transport de Montréal,station,station,,,,subway,yes,no,Q980309,en:Plamondon station,,,,,yes,,,,,,,,,,,,,,,,,1982-06-29,,,,,no,,,,,,,,,,
70,Côte-Sainte-Catherine,45.4923747,-73.6328602,7052605734,Société de transport de Montréal,station,station,,,STM,subway,yes,,Q1150920,en:Côte-Sainte-Catherine station,,,,,,,,,,,,,,,,,,,,,,1982-01-04,,,,,,,,,,,,,,,
71,Vendôme,45.4738941,-73.6038307,7052605735,Société de transport de Montréal,station,station,,,,subway,yes,yes,Q1593502,en:Vendôme station,,,,,,,,,,,,,,,,,,,,,,1981-09-07,,,,,,,,,,,,,,,
72,Place Saint-Henri,45.4771794,-73.586572,7052605736,Société de transport de Montréal,station,station,,,,subway,yes,no,Q1632321,en:Place-Saint-Henri station,,,,,,,,,,,,,,,,,,,,,,1980-04-28,,,,,,,,,,,,,,,
73,Georges-Vanier,45.4889521,-73.5764721,7052605737,Société de transport de Montréal,station,station,,,,subway,yes,no,Q1508769,en:Georges-Vanier station,,,,,,,,,,,,,,,,,,,,,,1980-04-28,,,,,,,,,,,,,,,
74,Bonaventure,45.4981853,-73.5669583,7052605738,Société de transport de Montréal,station,station,,,,subway,yes,no,Q525279,en:Bonaventure station,Montreal,1166,Rue de La Gauchetière Ouest,,,CA,QC,+1 514 786 4636,http://www.stm.info/,,,,,,,,,,,,,1967-02-13,,,,,,Elevator but not wheelchair accessible,,,,,,,,,
75,Square-Victoria-OACI,45.50209,-73.5631107,7052605739,Société de transport de Montréal,station,station,,,,subway,yes,no,Q1463336,en:Square-Victoria-OACI station,,,,,,,,,,,,,,,,,,,,,,1967-02-06,,,,,,,,,,,,,,,
76,Place d’Armes,45.5060856,-73.559605,7052605740,Société de transport de Montréal,station,station,,,,subway,yes,no,Q1495111,en:Place-d'Armes station,,,,,,,,,,,,,,,,,,,,,,1966-10-14,,,,,,,다름광장,,,,,,,,
77,Champ-de-Mars,45.5101439,-73.556487,7052605741,Société de transport de Montréal,station,station,,,,subway,yes,yes,Q1061011,en:Champ-de-Mars station (Montreal Metro),,,,,,,,,,,,,,,,,,,,,,1966-10-14,,,,,,,,,,,,,,,
78,Sherbrooke,45.5187201,-73.5680527,7052605742,Société de transport de Montréal,station,station,,,,subway,yes,no,Q932594,en:Sherbrooke station,,,,,,,,,,,,,,,,,,,,,,1966-10-14,,,,,,,,,,,,,,,
79,Mont-Royal,45.5245985,-73.5816468,7052605743,Société de transport de Montréal,station,station,,,,subway,yes,no,Q1632640,en:Mont-Royal station (Montreal Metro),,,,,,,,,,,,,,,,,,,,,,1966-10-14,,,,,,,,,,,,,,,
80,Laurier,45.5280804,-73.5883784,7052605744,Société de transport de Montréal,station,station,,,,subway,yes,no,Q1632291,en:Laurier station (Montreal Metro),,,,,yes,,,,,,,,,,,,,,,,,1966-10-14,,,,,,,,,,,,,,,
81,Rosemont,45.5314962,-73.5973383,7052605745,Société de transport de Montréal,station,station,,,,subway,yes,yes,Q1633672,en:Rosemont station (Montreal Metro),,,,,yes,,,,,,,,,,,,,,,,,1966-10-14,,,,,,,,yes,2,,,,,,
82,Beaubien,45.5351198,-73.6046246,7052605746,Société de transport de Montréal,station,station,,,,subway,yes,,Q813338,en:Beaubien station,,,,,,,,,,,,,,,,,,,,,,1966-10-14,,,,,,,,,,,,,,,
83,Jarry,45.5432233,-73.6286029,7052605747,Société de transport de Montréal,station,station,,,,subway,yes,no,Q1634277,en:Jarry station,,,,,,,,,,,,,,,,,,,,,,1966-10-14,,,,,,,,,,,,,,,
84,Crémazie,45.5461436,-73.6388375,7052605748,Société de transport de Montréal,station,station,,,,subway,yes,,Q1142496,en:Crémazie station,,,,,yes,,,,,,,,,,,,,,,,,1966-10-14,,,,,,,,,,,,,,,
85,Sauvé,45.5511003,-73.6565058,7052605749,Société de transport de Montréal,station,station,,,,subway,yes,,Q1634285,en:Sauvé station (Montreal Metro),,,,,,,,,,,,,,,,,,,,,,,,,,,,,,,,,,,,,
86,Henri-Bourassa,45.5545124,-73.6682516,7052605750,Société de transport de Montréal,station,station,,,,subway,yes,limited,Q1605659,en:Henri-Bourassa station,,,,,,,,,,,,,,,,,,,,,,1966-10-14,,,,,,,,,,,,,,,
87,De la Concorde,45.560853,-73.7097434,7052605751,Société de transport de Montréal,station,station,,,,subway,yes,limited,Q1180063,en:De La Concorde station,,,,,,,,,,,,,,,,,,,,,,,,,,,,,,,,,,,,,
88,Radisson,45.5896475,-73.5397875,7052949183,Société de transport de Montréal,station,station,,,,subway,yes,no,Q1827231,en:Radisson station,,,,,,,,,,,,,,,,,,,,,,,,,,,,,,,,,,,,,
89,Langelier,45.5827257,-73.5431577,7052949184,Société de transport de Montréal,station,station,,,,subway,yes,,Q1705135,en:Langelier station,,,,,yes,,,,,,,,,,,,,,,,,,,,,,,,,,,,,,,,
90,Assomption,45.5693911,-73.5467318,7052992085,Société de transport de Montréal,station,station,,,STM,subway,yes,no,Q538758,en:Assomption station,,,,,,,,,,,,,no,,,,,,,,,,,,,,,,,,,,,,,,
91,Pie IX,45.5541959,-73.5515329,7052992086,Société de transport de Montréal,station,station,,,,subway,yes,yes,Q1892913,en:Pie-IX station,,,,,yes,,,,,,,,,,,,,,,,,,,,,,,,,,,,,,,,
92,Joliette,45.5469325,-73.5510099,7052992087,Société de transport de Montréal,station,station,,,Métro de Montréal,subway,yes,no,Q1249429,en:Joliette station (Montreal Metro),,,,,,,,,,,,,,,,,,Q392377,,,,,Montreal Metro,Métro de Montréal,STM,Q1817151,,,,,,Après le portique de paiement,,,,,
93,Frontenac,45.5331536,-73.5522155,7052992088,Société de transport de Montréal,station,station,,,,subway,yes,no,Q183022,en:Frontenac station,,,,,,,,,,,,,,,,,,,,,,,,,,,,,,,,,2024-01-06,,,,
94,Papineau,45.5237396,-73.5521686,7052992089,Société de transport de Montréal,station,station,,,,subway,yes,no,Q1892925,en:Papineau station,,,,,,,,,,,,,,,,,,,,,,,,,,,,,,,,,,,,,
95,Beaudry,45.5195498,-73.5571716,7052992090,Société de transport de Montréal,station,station,,,,subway,yes,no,Q813363,en:Beaudry station,,,,,,,,,,,,,,,,,,,,,,,,,,,,,,,,,,,,,
96,Saint-Laurent,45.5108831,-73.5648092,7052992091,Société de transport de Montréal,station,station,,,Métro de Montréal,subway,yes,no,Q1705000,en:Saint-Laurent station,,,,,,,,,,,,,,,,,,Q392377,,,,,Montreal Metro,Métro de Montréal,STM,Q1817151,,,,,,,,,,,
97,Place-des-Arts,45.5080307,-73.5683162,7052992092,Société de transport de Montréal,station,station,,,,subway,yes,no,Q1889985,en:Place-des-Arts station,,,,,,,,,,,,,,,,,,,,,,,,,,,,,,,,,,,,,
98,Peel,45.5006095,-73.5750881,7052992094,Société de transport de Montréal,station,station,,,,subway,yes,no,Q1616425,en:Peel station (Montreal Metro),,,,,,,,,,,,,,,,,,,,,,,,,,,,,,,,,,,,,
99,Guy-Concordia,45.4953736,-73.5798383,7052992095,Société de transport de Montréal,station,station,,,,subway,yes,no,Q183268,en:Guy-Concordia station,,,,,yes,,,,,,,,,,,,,,,,,,,,,,,,,,,,,,,,
100,Atwater,45.4897865,-73.5863426,7052992096,Société de transport de Montréal,station,station,,,,subway,yes,no,Q138609,fr:Atwater (métro de Montréal),,,,,,,,,,,,,,,,,,,,,,,,,,,,,,,,,,,,,
101,LaSalle,45.4708146,-73.5661308,7052992097,Société de transport de Montréal,station,station,,,,subway,yes,no,Q1798572,en:LaSalle station (Montreal Metro),,,,,,,,,,,,,,,,,,,,,,,,,,,,,,,,,,,,,
102,Verdun,45.4592869,-73.5720103,7052992098,Société de transport de Montréal,station,station,,,,subway,yes,no,Q586219,en:Verdun station,,,,,,,,,,,,,,,,,,,,,,,,,,,no,,,,,,,,,,
103,Jolicoeur,45.45686,-73.5819981,7052992099,Société de transport de Montréal,station,station,,,,subway,yes,no,Q1702643,en:Jolicoeur station,Montréal,6200,Rue Drake,,,,QC,,,,H4E 4J6,,,,,,,,,,,,,,,,,,,,,,,,,,
104,Angrignon,45.4461825,-73.6036506,7052992100,Société de transport de Montréal,station,station,,,,subway,yes,yes,Q543509,en:Angrignon station,Montréal,3500,Boulevard des Trinitaires,,,,QC,,,,,,,,,,,,,,,,,,,,,,,,,,,,,,
105,Lionel-Groulx,45.4827728,-73.5798271,7164242333,Société de transport de Montréal,station,station,,,,subway,yes,yes,Q1704947,fr:Lionel-Groulx (métro de Montréal),,,,,,,,,,,,,,,,,,,,Lionel-Groulx,,1978-09-03,,,,,,,,,,,,,,,
106,Île-Perrot,45.3961336,-73.9651703,7192352946,Exo,station,station,,,exo,,,,Q3098276,fr:Gare Île-Perrot,,,,,yes,,,,,,,,,,,,,,,,,,,,,,,,,,,,,,,,
107,Anse-à-l'Orme,45.4315922,-73.9099082,7350710743,,station,station,,,REM,light_rail,,,,,,,,yes,,,,,,,,,,,,,,,,,,,,,,,,,,,,,,,,,
108,Des-Sources,45.4771212,-73.7910578,7350710745,,station,station,,,REM,light_rail,,,,,,,,yes,,,,,,,,,,,,,,,,,,,,,,,,,,,,,,,,,
109,Marie-Curie,45.4800508,-73.7602942,7350710746,,station,station,,,REM,light_rail,,,,,,,,yes,,,,,,,,,,,,,,,,,,,,,,,,,,,,,,,,,
110,YUL-Aéroport-Montréal-Trudeau,45.4571284,-73.7496191,7350710747,,station,station,,,REM,light_rail,,,,,,,,yes,,,,,,,,,yes,,,,,,,,,2023,,,,,,,,,,,,yes,-1,,
111,Fairview-Pointe-Claire,45.459942,-73.8353373,7350710748,,station,station,,,REM,light_rail,,,,,,,,yes,,,,,,,,,,,,,,,,,,,,,,,,,,,,,,,,train_station,
112,Côte-de-Liesse,45.5218291,-73.661868,7350710749,,station,station,,,REM,light_rail,yes,,,,,,,yes,,,,,,,,,,,,,,Q19582331,,,,,,,,,,,,,,,,,,yes,2025
113,Île-des-Soeurs,45.47033,-73.5388789,7350710750,,station,station,,,REM,light_rail,,yes,Q30668383,,,,,yes,,,,,,,,,,,,,,,,,,,,,,,,,,,,,,,,,
114,Montmorency,45.5583531,-73.7215179,7757580977,Société de transport de Montréal,station,station,,,,subway,yes,limited,Q1352971,en:Montmorency station (Montreal Metro),,,,,,,,,,,,,no,,,,,,,,,,,,,,,,,,,,,,,,
115,Hays,45.3740801,-73.5659975,7757580978,,station,station,,,,,,,,,,,,,yes,,,,,,,,,,,,,,,,,,,,,,,,,,,,,,,,
116,Barrington,45.3736546,-73.5627097,7757580979,,station,station,,,,,,,,,,,,,yes,,,,,,,,,,,,,,,,,,,,,,,,,,,,,,,,
117,Cartier,45.56023,-73.6817986,7758614182,Société de transport de Montréal,station,station,,Métro Cartier,,subway,yes,yes,Q1045964,en:Cartier station (Montreal Metro),,,,,,,,,,,,,,,,,,,,,,,,,,,,,,,,,,,,,
118,Du Quartier,45.4466843,-73.4333205,7762106852,,station,station,,,REM,light_rail,,yes,Q30668380,,,,,yes,,,,,,,,,,,,,,,,,,,,,,,,,,,,,,,,,
119,Brossard,45.4380559,-73.4306231,7762106853,,station,station,,,REM,light_rail,,,Q30668377,,,,,yes,,,,,,,,,,,,,,,,,,,,,,,,,,,,,,,,,
120,Panama,45.4649672,-73.4703585,7762106854,,station,station,,,REM,light_rail,,,Q30668381,,,,,yes,,,,,,,,,,,,,,,,,,,,,,,,,,,,,,,,,
121,McGill,45.5025449,-73.5723103,7966937790,,station,station,,,REM,light_rail,yes,,,,,,,yes,,,,,,,,,,,,,,Q19582331,,,,,,,,,,,,,,,,,,yes,2025
122,Gare Centrale,45.4999265,-73.5666874,8205968569,,station,station,,,REM,light_rail,,,,,,,,yes,,,,,,,,,,,,,,,Estación Central,,,,,,,,,,,,,,,yes,,,
123,Montpellier,45.5248032,-73.6722229,8220190012,,station,station,,,REM,light_rail,yes,,,,,,,yes,,,,,,,,,,,,,,Q19582331,,,,,,,,,,,,,,,,,,yes,2025
124,Du Ruisseau,45.5289485,-73.6901904,8223036864,Caisse de dépôt et placement du Québec,station,station,,,REM,light_rail,,,,,,,,yes,,,,,,,,,yes,,,,,,,,,2023,,,,,,,,,,,,,,,
125,Bois-Franc,45.5220141,-73.7125326,8661983919,,station,station,,,REM,light_rail,,,,,,,,yes,,,,,,,,,,,,,,,,,,2023,,,,,,,,,,,,,,,
126,Pierrefonds-Roxboro,45.5097734,-73.81191,8661983920,,station,station,,,REM,light_rail,,,,,,,,yes,,,,,,,,,,,,,,,,,,2022,,,,,,,,,,,,,,,
127,Île-Bigras,45.5197901,-73.8527206,8661983921,,station,station,,,REM,light_rail,,,,,,,,yes,,,,,,,,,,,,,,,,,,2022,,,,,,,,,,,,,,,
128,Sainte-Dorothée,45.5234599,-73.8624724,8661983922,,station,station,,,REM,light_rail,,,,,,,,yes,,,,,,,,,,,,,,,,,,2024,,,,,,,,,,,,,,,
129,Grand-Moulin,45.5372464,-73.8879074,8661983923,,station,station,,,REM,light_rail,,,,,,,,yes,,,,,,,,,,,,,,,,,,2022,,,,,,,,,,,,,,,
130,Deux-Montagnes,45.5456833,-73.9124135,8661983924,,station,station,,,REM,light_rail,,,,,,,,yes,,,,,,,,,,,,,,,,,,2022,,,,,,,,,,,,,,,
131,Sunnybrooke,45.5038395,-73.7857006,8665496409,,station,station,,,REM,light_rail,,,,,,,,yes,,,,,,,,,,,,,,,,,,2022,,,,,,,,,,,,,,,
132,Baie-d'Urfé,45.4198747,-73.9156092,8713507680,EXO,station,station,,,EXO,,,,Q3095491,fr:Gare Baie-d'Urfé,Baie-D'Urfé,101,Rue Morgan,,yes,,,,,,,,,,,,,,,,,,,,,,,,,,,,,,,,
133,Beaurepaire,45.4274086,-73.8870697,8714747627,Réseau de transport métropolitain,station,station,,,exo,,,,Q3095492,fr:Gare Beaurepaire,Beaconsfield,520,Avenue Elm,,yes,,,,,,H9W 6E4,,,,,,,,,,,,,,,,,,,,,,,,,,
134,Rosemère,45.6345663,-73.7959015,9969720772,exo,station,station,,,exo,,,,Q3095536,fr:Gare Rosemère,,,,,yes,,,,,,,,,,,,,,,,,,,,,,,,,,,,,,,,
135,Sainte-Rose,45.625284,-73.7644249,10268818189,Exo,station,station,,,exo,,,yes,Q3095557,fr:Gare Sainte-Rose,,,,,yes,,,,,,,,,,,,,,,,,,,,,,,,,,,,,,,,
136,Édouard-Montpetit,45.5103737,-73.6120612,11956377680,,station,station,,,REM,light_rail,yes,,,,,,,yes,,,,,,CANR,,,,,,,,Q19582331,,,,,,,,,,,,,,,,,,,
